DataTable:,R541C
Date:, December 18 2025 17:11:43
Description:,Combined Primary_DataTable DataTable for group R541C in plate D:\KIC Drive D\Results\Trung_CalBryte_Setup_2_11012025_20251101141157
Channel:,Nucleus
Nucleus Enabled:,true
Nucleus Folder Name:,Dapi
Nucleus Thresholding Method:,SavitskyGolay
Nucleus Sensitivity:,100.0%
Nucleus Filtering Method:,None
Nucleus Filtering Radius:,5
Nucleus Size:,0
Channel:,Reference
Reference Enabled:,true
Reference Folder Name:,CalBryte520
Reference Thresholding Method:,SavitskyGolay
Reference Sensitivity:,100.0%
Reference Filtering Method:,None
Reference Filtering Radius:,1
Reference Size:,0
Channel:,Calcium
Calcium Enabled:,true
Calcium Folder Name:,CalBryte520
Calcium Thresholding Method:,SavitskyGolay
Calcium Sensitivity:,100.0%
Calcium Filtering Method:,None
Calcium Filtering Radius:,1
Calcium Size:,0
Channel:,Voltage
Voltage Enabled:,true
Voltage Folder Name:,CalBryte520
Voltage Thresholding Method:,SavitskyGolay
Voltage Sensitivity:,100.0%
Voltage Filtering Method:,None
Voltage Filtering Radius:,1
Voltage Size:,0
Channel:,TMRM
TMRM Enabled:,true
TMRM Folder Name:,CalBryte520
TMRM Thresholding Method:,SavitskyGolay
TMRM Sensitivity:,100.0%
TMRM Filtering Method:,None
TMRM Filtering Radius:,1
TMRM Size:,0


Legend:, Type, Name, Description, Units, Is Default Visible, Is Id Column, Is Editable

integer,id,ID of each record
string,Well,Name of the well,,true,false,false
integer,Timeslice,Index of the time-slice,,true,false,false
integer,Zslice,Index of the z-slice,,true,false,false
double,Cell Area,Cell Area,Pixels^2,true,false,false
double,Nucleus Area,Nucleus Area,Pixels^2,true,false,false
double,Cell Perimeter,Cell Perimeter,Pixels,true,false,false
double,Nucleus Perimeter,Nucleus Perimeter,Pixels,true,false,false
integer,Cluster,Index of the computational cluster,,true,false,false
integer,Original Primary ID,The ID within the original well.,,true,false,false
string,Label,Label,,true,false,false
string,Dose,Dose,,true,false,false
string,Label(Dose),Label(Dose),,true,false,false
double,Calcium API F(t) (blurRadiusInMsec),Calcium API F(t) (blurRadiusInMsec),,true,false,false
double,Calcium API F(t) (blurRadiusInGridUnits),Calcium API F(t) (blurRadiusInGridUnits),,true,false,false
double,Calcium API F(t) (maximumPeakMaxMinRatio),Calcium API F(t) (maximumPeakMaxMinRatio),,true,false,false
double,Calcium API F(t) (signal),Calcium API F(t) (signal),,true,false,false
double,Calcium API F(t) (noise),Calcium API F(t) (noise),,true,false,false
double,Calcium API F(t) (snr),Calcium API F(t) (snr),,true,false,false
double,Calcium API F(t) (logSNR),Calcium API F(t) (logSNR),,true,false,false
double,Calcium API F(t) (noiseRatio),Calcium API F(t) (noiseRatio),,true,false,false
double,Calcium API F(t) (cellHealth),Calcium API F(t) (cellHealth),,true,false,false
boolean,Calcium API F(t) (isHealthy),Calcium API F(t) (isHealthy),,true,false,false
boolean,Calcium API F(t) (hasTransients),Calcium API F(t) (hasTransients),,true,false,false
double,Calcium API F(t) (numTransients),Calcium API F(t) (numTransients),,true,false,false
boolean,Calcium API F(t) (hasFullTransients),Calcium API F(t) (hasFullTransients),,true,false,false
double,Calcium API F(t) (numFullTransients),Calcium API F(t) (numFullTransients),,true,false,false
double,Calcium API F(t) (numFullTransientsOrNaN),Calcium API F(t) (numFullTransientsOrNaN),,true,false,false
double,Calcium API F(t) (meanFullTransientAmplitude),Calcium API F(t) (meanFullTransientAmplitude),,true,false,false
double,Calcium API F(t) (meanFullTransientAmplitudeOrZero),Calcium API F(t) (meanFullTransientAmplitudeOrZero),,true,false,false
double,Calcium API F(t) (cvFullTransientAmplitude),Calcium API F(t) (cvFullTransientAmplitude),,true,false,false
double,Calcium API F(t) (cvFullTransientAmplitudeOrOne),Calcium API F(t) (cvFullTransientAmplitudeOrOne),,true,false,false
double,Calcium API F(t) (cvTD50),Calcium API F(t) (cvTD50),,true,false,false
double,Calcium API F(t) (cvFullTransientPeriod),Calcium API F(t) (cvFullTransientPeriod),,true,false,false
double,Calcium API F(t) (cvFullTransientBPM),Calcium API F(t) (cvFullTransientBPM),,true,false,false
double,Calcium API F(t) (cvFullTransientBPMOrOne),Calcium API F(t) (cvFullTransientBPMOrOne),,true,false,false
double,Calcium API F(t) (meanFullTransientPeriod),Calcium API F(t) (meanFullTransientPeriod),,true,false,false
double,Calcium API F(t) (sdFullTransientPeriod),Calcium API F(t) (sdFullTransientPeriod),,true,false,false
double,Calcium API F(t) (meanFullTransientBPM),Calcium API F(t) (meanFullTransientBPM),,true,false,false
double,Calcium API F(t) (meanBPMorZero),Calcium API F(t) (meanBPMorZero),,true,false,false
double,Calcium API F(t) (sdFullTransientBPM),Calcium API F(t) (sdFullTransientBPM),,true,false,false
double,Calcium API F(t) (minFullTransientBPM),Calcium API F(t) (minFullTransientBPM),,true,false,false
double,Calcium API F(t) (maxFullTransientBPM),Calcium API F(t) (maxFullTransientBPM),,true,false,false
double,Calcium API F(t) (periodApproximate),Calcium API F(t) (periodApproximate),,true,false,false
double,Calcium API F(t) (bpmApproximate),Calcium API F(t) (bpmApproximate),,true,false,false
double,Calcium API F(t) (autocorrelationAtPeriod),Calcium API F(t) (autocorrelationAtPeriod),,true,false,false
double,Calcium API F(t) (autocorrelationEntropyRatio),Calcium API F(t) (autocorrelationEntropyRatio),,true,false,false
double,Calcium API F(t) (td10),Calcium API F(t) (td10),,true,false,false
double,Calcium API F(t) (td25),Calcium API F(t) (td25),,true,false,false
double,Calcium API F(t) (td30),Calcium API F(t) (td30),,true,false,false
double,Calcium API F(t) (td50),Calcium API F(t) (td50),,true,false,false
double,Calcium API F(t) (td60),Calcium API F(t) (td60),,true,false,false
double,Calcium API F(t) (td75),Calcium API F(t) (td75),,true,false,false
double,Calcium API F(t) (td90),Calcium API F(t) (td90),,true,false,false
double,Calcium API F(t) (td100),Calcium API F(t) (td100),,true,false,false
double,Calcium API F(t) (td10Fridericia),Calcium API F(t) (td10Fridericia),,true,false,false
double,Calcium API F(t) (td25Fridericia),Calcium API F(t) (td25Fridericia),,true,false,false
double,Calcium API F(t) (td30Fridericia),Calcium API F(t) (td30Fridericia),,true,false,false
double,Calcium API F(t) (td50Fridericia),Calcium API F(t) (td50Fridericia),,true,false,false
double,Calcium API F(t) (td60Fridericia),Calcium API F(t) (td60Fridericia),,true,false,false
double,Calcium API F(t) (td75Fridericia),Calcium API F(t) (td75Fridericia),,true,false,false
double,Calcium API F(t) (td90Fridericia),Calcium API F(t) (td90Fridericia),,true,false,false
double,Calcium API F(t) (td100Fridericia),Calcium API F(t) (td100Fridericia),,true,false,false
double,Calcium API F(t) (td10Bazett),Calcium API F(t) (td10Bazett),,true,false,false
double,Calcium API F(t) (td25Bazett),Calcium API F(t) (td25Bazett),,true,false,false
double,Calcium API F(t) (td30Bazett),Calcium API F(t) (td30Bazett),,true,false,false
double,Calcium API F(t) (td50Bazett),Calcium API F(t) (td50Bazett),,true,false,false
double,Calcium API F(t) (td60Bazett),Calcium API F(t) (td60Bazett),,true,false,false
double,Calcium API F(t) (td75Bazett),Calcium API F(t) (td75Bazett),,true,false,false
double,Calcium API F(t) (td90Bazett),Calcium API F(t) (td90Bazett),,true,false,false
double,Calcium API F(t) (td100Bazett),Calcium API F(t) (td100Bazett),,true,false,false
double,Calcium API F(t) (td10Normalized),Calcium API F(t) (td10Normalized),,true,false,false
double,Calcium API F(t) (td25Normalized),Calcium API F(t) (td25Normalized),,true,false,false
double,Calcium API F(t) (td30Normalized),Calcium API F(t) (td30Normalized),,true,false,false
double,Calcium API F(t) (td50Normalized),Calcium API F(t) (td50Normalized),,true,false,false
double,Calcium API F(t) (td60Normalized),Calcium API F(t) (td60Normalized),,true,false,false
double,Calcium API F(t) (td75Normalized),Calcium API F(t) (td75Normalized),,true,false,false
double,Calcium API F(t) (td90Normalized),Calcium API F(t) (td90Normalized),,true,false,false
double,Calcium API F(t) (td100Normalized),Calcium API F(t) (td100Normalized),,true,false,false
double,Calcium API F(t) (upstroke10To100Time),Calcium API F(t) (upstroke10To100Time),,true,false,false
double,Calcium API F(t) (upstroke20To100Time),Calcium API F(t) (upstroke20To100Time),,true,false,false
double,Calcium API F(t) (upstroke30To100Time),Calcium API F(t) (upstroke30To100Time),,true,false,false
double,Calcium API F(t) (upstroke40To100Time),Calcium API F(t) (upstroke40To100Time),,true,false,false
double,Calcium API F(t) (upstroke10To90Time),Calcium API F(t) (upstroke10To90Time),,true,false,false
double,Calcium API F(t) (upstroke20To90Time),Calcium API F(t) (upstroke20To90Time),,true,false,false
double,Calcium API F(t) (upstroke30To90Time),Calcium API F(t) (upstroke30To90Time),,true,false,false
double,Calcium API F(t) (upstroke40To90Time),Calcium API F(t) (upstroke40To90Time),,true,false,false
double,Calcium API F(t) (downstroke100To10Time),Calcium API F(t) (downstroke100To10Time),,true,false,false
double,Calcium API F(t) (downstroke100To20Time),Calcium API F(t) (downstroke100To20Time),,true,false,false
double,Calcium API F(t) (downstroke100To30Time),Calcium API F(t) (downstroke100To30Time),,true,false,false
double,Calcium API F(t) (downstroke100To40Time),Calcium API F(t) (downstroke100To40Time),,true,false,false
double,Calcium API F(t) (downstroke90To10Time),Calcium API F(t) (downstroke90To10Time),,true,false,false
double,Calcium API F(t) (downstroke90To20Time),Calcium API F(t) (downstroke90To20Time),,true,false,false
double,Calcium API F(t) (downstroke90To30Time),Calcium API F(t) (downstroke90To30Time),,true,false,false
double,Calcium API F(t) (downstroke90To40Time),Calcium API F(t) (downstroke90To40Time),,true,false,false
double,Calcium API F(t) (downstroke75To25Time),Calcium API F(t) (downstroke75To25Time),,true,false,false
string,Calcium API F(t) (onsetTimes),Calcium API F(t) (onsetTimes),,true,false,false
double,Calcium API F(t) (meanMaxMinRatio),Calcium API F(t) (meanMaxMinRatio),,true,false,false
double,Calcium API F(t) (meanMinValue),Calcium API F(t) (meanMinValue),,true,false,false
double,Calcium API F(t) (meanMaxValue),Calcium API F(t) (meanMaxValue),,true,false,false
double,Calcium API F(t) (meanRelativeVelocitySigma),Calcium API F(t) (meanRelativeVelocitySigma),,true,false,false
double,Calcium API F(t) (meanTransientIntegral),Calcium API F(t) (meanTransientIntegral),,true,false,false
double,Calcium API F(t) (meanTransientIntegralNorm),Calcium API F(t) (meanTransientIntegralNorm),,true,false,false
double,Calcium API F(t) (meanTransientSum),Calcium API F(t) (meanTransientSum),,true,false,false
double,Calcium API F(t) (meanTransientSumNorm),Calcium API F(t) (meanTransientSumNorm),,true,false,false
double,Calcium API F(t) (meanTimeOnsetToPeak),Calcium API F(t) (meanTimeOnsetToPeak),,true,false,false
double,Calcium API F(t) (meanRiseTime),Calcium API F(t) (meanRiseTime),,true,false,false
double,Calcium API F(t) (meanDecayTime),Calcium API F(t) (meanDecayTime),,true,false,false
double,Calcium API F(t) (meanUpstrokeTime),Calcium API F(t) (meanUpstrokeTime),,true,false,false
double,Calcium API F(t) (meanUpstrokeVelocity),Calcium API F(t) (meanUpstrokeVelocity),,true,false,false
double,Calcium API F(t) (meanUpstrokeNormedVelocity),Calcium API F(t) (meanUpstrokeNormedVelocity),,true,false,false
double,Calcium API F(t) (meanDownstrokeTime),Calcium API F(t) (meanDownstrokeTime),,true,false,false
double,Calcium API F(t) (meanDownstrokeVelocity),Calcium API F(t) (meanDownstrokeVelocity),,true,false,false
double,Calcium API F(t) (meanDownstrokeNormedVelocity),Calcium API F(t) (meanDownstrokeNormedVelocity),,true,false,false
double,Calcium API F(t) (upstrokeRatio501001050),Calcium API F(t) (upstrokeRatio501001050),,true,false,false
double,Calcium API F(t) (triangulationRMS90Upstroke),Calcium API F(t) (triangulationRMS90Upstroke),,true,false,false
double,Calcium API F(t) (td3090),Calcium API F(t) (td3090),,true,false,false
double,Calcium API F(t) (triangulation903030),Calcium API F(t) (triangulation903030),,true,false,false
double,Calcium API F(t) (triangulationRMS90),Calcium API F(t) (triangulationRMS90),,true,false,false
double,Calcium API F(t) (td90Minus30),Calcium API F(t) (td90Minus30),,true,false,false
double,Calcium API F(t) (meanPaddedTransientPCC),Calcium API F(t) (meanPaddedTransientPCC),,true,false,false
double,Calcium API F(t) (meanExtendedTransientPCC),Calcium API F(t) (meanExtendedTransientPCC),,true,false,false
double,Calcium Stretch F(t) (blurRadiusInMsec),Calcium Stretch F(t) (blurRadiusInMsec),,true,false,false
double,Calcium Stretch F(t) (blurRadiusInGridUnits),Calcium Stretch F(t) (blurRadiusInGridUnits),,true,false,false
double,Calcium Stretch F(t) (maximumPeakMaxMinRatio),Calcium Stretch F(t) (maximumPeakMaxMinRatio),,true,false,false
double,Calcium Stretch F(t) (signal),Calcium Stretch F(t) (signal),,true,false,false
double,Calcium Stretch F(t) (noise),Calcium Stretch F(t) (noise),,true,false,false
double,Calcium Stretch F(t) (snr),Calcium Stretch F(t) (snr),,true,false,false
double,Calcium Stretch F(t) (logSNR),Calcium Stretch F(t) (logSNR),,true,false,false
double,Calcium Stretch F(t) (noiseRatio),Calcium Stretch F(t) (noiseRatio),,true,false,false
double,Calcium Stretch F(t) (cellHealth),Calcium Stretch F(t) (cellHealth),,true,false,false
boolean,Calcium Stretch F(t) (isHealthy),Calcium Stretch F(t) (isHealthy),,true,false,false
boolean,Calcium Stretch F(t) (hasTransients),Calcium Stretch F(t) (hasTransients),,true,false,false
double,Calcium Stretch F(t) (numTransients),Calcium Stretch F(t) (numTransients),,true,false,false
boolean,Calcium Stretch F(t) (hasFullTransients),Calcium Stretch F(t) (hasFullTransients),,true,false,false
double,Calcium Stretch F(t) (numFullTransients),Calcium Stretch F(t) (numFullTransients),,true,false,false
double,Calcium Stretch F(t) (numFullTransientsOrNaN),Calcium Stretch F(t) (numFullTransientsOrNaN),,true,false,false
double,Calcium Stretch F(t) (meanFullTransientAmplitude),Calcium Stretch F(t) (meanFullTransientAmplitude),,true,false,false
double,Calcium Stretch F(t) (meanFullTransientAmplitudeOrZero),Calcium Stretch F(t) (meanFullTransientAmplitudeOrZero),,true,false,false
double,Calcium Stretch F(t) (cvFullTransientAmplitude),Calcium Stretch F(t) (cvFullTransientAmplitude),,true,false,false
double,Calcium Stretch F(t) (cvFullTransientAmplitudeOrOne),Calcium Stretch F(t) (cvFullTransientAmplitudeOrOne),,true,false,false
double,Calcium Stretch F(t) (cvTD50),Calcium Stretch F(t) (cvTD50),,true,false,false
double,Calcium Stretch F(t) (cvFullTransientPeriod),Calcium Stretch F(t) (cvFullTransientPeriod),,true,false,false
double,Calcium Stretch F(t) (cvFullTransientBPM),Calcium Stretch F(t) (cvFullTransientBPM),,true,false,false
double,Calcium Stretch F(t) (cvFullTransientBPMOrOne),Calcium Stretch F(t) (cvFullTransientBPMOrOne),,true,false,false
double,Calcium Stretch F(t) (meanFullTransientPeriod),Calcium Stretch F(t) (meanFullTransientPeriod),,true,false,false
double,Calcium Stretch F(t) (sdFullTransientPeriod),Calcium Stretch F(t) (sdFullTransientPeriod),,true,false,false
double,Calcium Stretch F(t) (meanFullTransientBPM),Calcium Stretch F(t) (meanFullTransientBPM),,true,false,false
double,Calcium Stretch F(t) (meanBPMorZero),Calcium Stretch F(t) (meanBPMorZero),,true,false,false
double,Calcium Stretch F(t) (sdFullTransientBPM),Calcium Stretch F(t) (sdFullTransientBPM),,true,false,false
double,Calcium Stretch F(t) (minFullTransientBPM),Calcium Stretch F(t) (minFullTransientBPM),,true,false,false
double,Calcium Stretch F(t) (maxFullTransientBPM),Calcium Stretch F(t) (maxFullTransientBPM),,true,false,false
double,Calcium Stretch F(t) (periodApproximate),Calcium Stretch F(t) (periodApproximate),,true,false,false
double,Calcium Stretch F(t) (bpmApproximate),Calcium Stretch F(t) (bpmApproximate),,true,false,false
double,Calcium Stretch F(t) (autocorrelationAtPeriod),Calcium Stretch F(t) (autocorrelationAtPeriod),,true,false,false
double,Calcium Stretch F(t) (autocorrelationEntropyRatio),Calcium Stretch F(t) (autocorrelationEntropyRatio),,true,false,false
double,Calcium Stretch F(t) (td10),Calcium Stretch F(t) (td10),,true,false,false
double,Calcium Stretch F(t) (td25),Calcium Stretch F(t) (td25),,true,false,false
double,Calcium Stretch F(t) (td30),Calcium Stretch F(t) (td30),,true,false,false
double,Calcium Stretch F(t) (td50),Calcium Stretch F(t) (td50),,true,false,false
double,Calcium Stretch F(t) (td60),Calcium Stretch F(t) (td60),,true,false,false
double,Calcium Stretch F(t) (td75),Calcium Stretch F(t) (td75),,true,false,false
double,Calcium Stretch F(t) (td90),Calcium Stretch F(t) (td90),,true,false,false
double,Calcium Stretch F(t) (td100),Calcium Stretch F(t) (td100),,true,false,false
double,Calcium Stretch F(t) (td10Fridericia),Calcium Stretch F(t) (td10Fridericia),,true,false,false
double,Calcium Stretch F(t) (td25Fridericia),Calcium Stretch F(t) (td25Fridericia),,true,false,false
double,Calcium Stretch F(t) (td30Fridericia),Calcium Stretch F(t) (td30Fridericia),,true,false,false
double,Calcium Stretch F(t) (td50Fridericia),Calcium Stretch F(t) (td50Fridericia),,true,false,false
double,Calcium Stretch F(t) (td60Fridericia),Calcium Stretch F(t) (td60Fridericia),,true,false,false
double,Calcium Stretch F(t) (td75Fridericia),Calcium Stretch F(t) (td75Fridericia),,true,false,false
double,Calcium Stretch F(t) (td90Fridericia),Calcium Stretch F(t) (td90Fridericia),,true,false,false
double,Calcium Stretch F(t) (td100Fridericia),Calcium Stretch F(t) (td100Fridericia),,true,false,false
double,Calcium Stretch F(t) (td10Bazett),Calcium Stretch F(t) (td10Bazett),,true,false,false
double,Calcium Stretch F(t) (td25Bazett),Calcium Stretch F(t) (td25Bazett),,true,false,false
double,Calcium Stretch F(t) (td30Bazett),Calcium Stretch F(t) (td30Bazett),,true,false,false
double,Calcium Stretch F(t) (td50Bazett),Calcium Stretch F(t) (td50Bazett),,true,false,false
double,Calcium Stretch F(t) (td60Bazett),Calcium Stretch F(t) (td60Bazett),,true,false,false
double,Calcium Stretch F(t) (td75Bazett),Calcium Stretch F(t) (td75Bazett),,true,false,false
double,Calcium Stretch F(t) (td90Bazett),Calcium Stretch F(t) (td90Bazett),,true,false,false
double,Calcium Stretch F(t) (td100Bazett),Calcium Stretch F(t) (td100Bazett),,true,false,false
double,Calcium Stretch F(t) (td10Normalized),Calcium Stretch F(t) (td10Normalized),,true,false,false
double,Calcium Stretch F(t) (td25Normalized),Calcium Stretch F(t) (td25Normalized),,true,false,false
double,Calcium Stretch F(t) (td30Normalized),Calcium Stretch F(t) (td30Normalized),,true,false,false
double,Calcium Stretch F(t) (td50Normalized),Calcium Stretch F(t) (td50Normalized),,true,false,false
double,Calcium Stretch F(t) (td60Normalized),Calcium Stretch F(t) (td60Normalized),,true,false,false
double,Calcium Stretch F(t) (td75Normalized),Calcium Stretch F(t) (td75Normalized),,true,false,false
double,Calcium Stretch F(t) (td90Normalized),Calcium Stretch F(t) (td90Normalized),,true,false,false
double,Calcium Stretch F(t) (td100Normalized),Calcium Stretch F(t) (td100Normalized),,true,false,false
double,Calcium Stretch F(t) (upstroke10To100Time),Calcium Stretch F(t) (upstroke10To100Time),,true,false,false
double,Calcium Stretch F(t) (upstroke20To100Time),Calcium Stretch F(t) (upstroke20To100Time),,true,false,false
double,Calcium Stretch F(t) (upstroke30To100Time),Calcium Stretch F(t) (upstroke30To100Time),,true,false,false
double,Calcium Stretch F(t) (upstroke40To100Time),Calcium Stretch F(t) (upstroke40To100Time),,true,false,false
double,Calcium Stretch F(t) (upstroke10To90Time),Calcium Stretch F(t) (upstroke10To90Time),,true,false,false
double,Calcium Stretch F(t) (upstroke20To90Time),Calcium Stretch F(t) (upstroke20To90Time),,true,false,false
double,Calcium Stretch F(t) (upstroke30To90Time),Calcium Stretch F(t) (upstroke30To90Time),,true,false,false
double,Calcium Stretch F(t) (upstroke40To90Time),Calcium Stretch F(t) (upstroke40To90Time),,true,false,false
double,Calcium Stretch F(t) (downstroke100To10Time),Calcium Stretch F(t) (downstroke100To10Time),,true,false,false
double,Calcium Stretch F(t) (downstroke100To20Time),Calcium Stretch F(t) (downstroke100To20Time),,true,false,false
double,Calcium Stretch F(t) (downstroke100To30Time),Calcium Stretch F(t) (downstroke100To30Time),,true,false,false
double,Calcium Stretch F(t) (downstroke100To40Time),Calcium Stretch F(t) (downstroke100To40Time),,true,false,false
double,Calcium Stretch F(t) (downstroke90To10Time),Calcium Stretch F(t) (downstroke90To10Time),,true,false,false
double,Calcium Stretch F(t) (downstroke90To20Time),Calcium Stretch F(t) (downstroke90To20Time),,true,false,false
double,Calcium Stretch F(t) (downstroke90To30Time),Calcium Stretch F(t) (downstroke90To30Time),,true,false,false
double,Calcium Stretch F(t) (downstroke90To40Time),Calcium Stretch F(t) (downstroke90To40Time),,true,false,false
double,Calcium Stretch F(t) (downstroke75To25Time),Calcium Stretch F(t) (downstroke75To25Time),,true,false,false
string,Calcium Stretch F(t) (onsetTimes),Calcium Stretch F(t) (onsetTimes),,true,false,false
double,Calcium Stretch F(t) (meanMaxMinRatio),Calcium Stretch F(t) (meanMaxMinRatio),,true,false,false
double,Calcium Stretch F(t) (meanMinValue),Calcium Stretch F(t) (meanMinValue),,true,false,false
double,Calcium Stretch F(t) (meanMaxValue),Calcium Stretch F(t) (meanMaxValue),,true,false,false
double,Calcium Stretch F(t) (meanRelativeVelocitySigma),Calcium Stretch F(t) (meanRelativeVelocitySigma),,true,false,false
double,Calcium Stretch F(t) (meanTransientIntegral),Calcium Stretch F(t) (meanTransientIntegral),,true,false,false
double,Calcium Stretch F(t) (meanTransientIntegralNorm),Calcium Stretch F(t) (meanTransientIntegralNorm),,true,false,false
double,Calcium Stretch F(t) (meanTransientSum),Calcium Stretch F(t) (meanTransientSum),,true,false,false
double,Calcium Stretch F(t) (meanTransientSumNorm),Calcium Stretch F(t) (meanTransientSumNorm),,true,false,false
double,Calcium Stretch F(t) (meanTimeOnsetToPeak),Calcium Stretch F(t) (meanTimeOnsetToPeak),,true,false,false
double,Calcium Stretch F(t) (meanRiseTime),Calcium Stretch F(t) (meanRiseTime),,true,false,false
double,Calcium Stretch F(t) (meanDecayTime),Calcium Stretch F(t) (meanDecayTime),,true,false,false
double,Calcium Stretch F(t) (meanUpstrokeTime),Calcium Stretch F(t) (meanUpstrokeTime),,true,false,false
double,Calcium Stretch F(t) (meanUpstrokeVelocity),Calcium Stretch F(t) (meanUpstrokeVelocity),,true,false,false
double,Calcium Stretch F(t) (meanUpstrokeNormedVelocity),Calcium Stretch F(t) (meanUpstrokeNormedVelocity),,true,false,false
double,Calcium Stretch F(t) (meanDownstrokeTime),Calcium Stretch F(t) (meanDownstrokeTime),,true,false,false
double,Calcium Stretch F(t) (meanDownstrokeVelocity),Calcium Stretch F(t) (meanDownstrokeVelocity),,true,false,false
double,Calcium Stretch F(t) (meanDownstrokeNormedVelocity),Calcium Stretch F(t) (meanDownstrokeNormedVelocity),,true,false,false
double,Calcium Stretch F(t) (upstrokeRatio501001050),Calcium Stretch F(t) (upstrokeRatio501001050),,true,false,false
double,Calcium Stretch F(t) (triangulationRMS90Upstroke),Calcium Stretch F(t) (triangulationRMS90Upstroke),,true,false,false
double,Calcium Stretch F(t) (td3090),Calcium Stretch F(t) (td3090),,true,false,false
double,Calcium Stretch F(t) (triangulation903030),Calcium Stretch F(t) (triangulation903030),,true,false,false
double,Calcium Stretch F(t) (triangulationRMS90),Calcium Stretch F(t) (triangulationRMS90),,true,false,false
double,Calcium Stretch F(t) (td90Minus30),Calcium Stretch F(t) (td90Minus30),,true,false,false
double,Calcium Stretch F(t) (meanPaddedTransientPCC),Calcium Stretch F(t) (meanPaddedTransientPCC),,true,false,false
double,Calcium Stretch F(t) (meanExtendedTransientPCC),Calcium Stretch F(t) (meanExtendedTransientPCC),,true,false,false


id,Well,Timeslice,Zslice,Cell Area,Nucleus Area,Cell Perimeter,Nucleus Perimeter,Cluster,Original Primary ID,Label,Dose,Label(Dose),Calcium API F(t) (blurRadiusInMsec),Calcium API F(t) (blurRadiusInGridUnits),Calcium API F(t) (maximumPeakMaxMinRatio),Calcium API F(t) (signal),Calcium API F(t) (noise),Calcium API F(t) (snr),Calcium API F(t) (logSNR),Calcium API F(t) (noiseRatio),Calcium API F(t) (cellHealth),Calcium API F(t) (isHealthy),Calcium API F(t) (hasTransients),Calcium API F(t) (numTransients),Calcium API F(t) (hasFullTransients),Calcium API F(t) (numFullTransients),Calcium API F(t) (numFullTransientsOrNaN),Calcium API F(t) (meanFullTransientAmplitude),Calcium API F(t) (meanFullTransientAmplitudeOrZero),Calcium API F(t) (cvFullTransientAmplitude),Calcium API F(t) (cvFullTransientAmplitudeOrOne),Calcium API F(t) (cvTD50),Calcium API F(t) (cvFullTransientPeriod),Calcium API F(t) (cvFullTransientBPM),Calcium API F(t) (cvFullTransientBPMOrOne),Calcium API F(t) (meanFullTransientPeriod),Calcium API F(t) (sdFullTransientPeriod),Calcium API F(t) (meanFullTransientBPM),Calcium API F(t) (meanBPMorZero),Calcium API F(t) (sdFullTransientBPM),Calcium API F(t) (minFullTransientBPM),Calcium API F(t) (maxFullTransientBPM),Calcium API F(t) (periodApproximate),Calcium API F(t) (bpmApproximate),Calcium API F(t) (autocorrelationAtPeriod),Calcium API F(t) (autocorrelationEntropyRatio),Calcium API F(t) (td10),Calcium API F(t) (td25),Calcium API F(t) (td30),Calcium API F(t) (td50),Calcium API F(t) (td60),Calcium API F(t) (td75),Calcium API F(t) (td90),Calcium API F(t) (td100),Calcium API F(t) (td10Fridericia),Calcium API F(t) (td25Fridericia),Calcium API F(t) (td30Fridericia),Calcium API F(t) (td50Fridericia),Calcium API F(t) (td60Fridericia),Calcium API F(t) (td75Fridericia),Calcium API F(t) (td90Fridericia),Calcium API F(t) (td100Fridericia),Calcium API F(t) (td10Bazett),Calcium API F(t) (td25Bazett),Calcium API F(t) (td30Bazett),Calcium API F(t) (td50Bazett),Calcium API F(t) (td60Bazett),Calcium API F(t) (td75Bazett),Calcium API F(t) (td90Bazett),Calcium API F(t) (td100Bazett),Calcium API F(t) (td10Normalized),Calcium API F(t) (td25Normalized),Calcium API F(t) (td30Normalized),Calcium API F(t) (td50Normalized),Calcium API F(t) (td60Normalized),Calcium API F(t) (td75Normalized),Calcium API F(t) (td90Normalized),Calcium API F(t) (td100Normalized),Calcium API F(t) (upstroke10To100Time),Calcium API F(t) (upstroke20To100Time),Calcium API F(t) (upstroke30To100Time),Calcium API F(t) (upstroke40To100Time),Calcium API F(t) (upstroke10To90Time),Calcium API F(t) (upstroke20To90Time),Calcium API F(t) (upstroke30To90Time),Calcium API F(t) (upstroke40To90Time),Calcium API F(t) (downstroke100To10Time),Calcium API F(t) (downstroke100To20Time),Calcium API F(t) (downstroke100To30Time),Calcium API F(t) (downstroke100To40Time),Calcium API F(t) (downstroke90To10Time),Calcium API F(t) (downstroke90To20Time),Calcium API F(t) (downstroke90To30Time),Calcium API F(t) (downstroke90To40Time),Calcium API F(t) (downstroke75To25Time),Calcium API F(t) (onsetTimes),Calcium API F(t) (meanMaxMinRatio),Calcium API F(t) (meanMinValue),Calcium API F(t) (meanMaxValue),Calcium API F(t) (meanRelativeVelocitySigma),Calcium API F(t) (meanTransientIntegral),Calcium API F(t) (meanTransientIntegralNorm),Calcium API F(t) (meanTransientSum),Calcium API F(t) (meanTransientSumNorm),Calcium API F(t) (meanTimeOnsetToPeak),Calcium API F(t) (meanRiseTime),Calcium API F(t) (meanDecayTime),Calcium API F(t) (meanUpstrokeTime),Calcium API F(t) (meanUpstrokeVelocity),Calcium API F(t) (meanUpstrokeNormedVelocity),Calcium API F(t) (meanDownstrokeTime),Calcium API F(t) (meanDownstrokeVelocity),Calcium API F(t) (meanDownstrokeNormedVelocity),Calcium API F(t) (upstrokeRatio501001050),Calcium API F(t) (triangulationRMS90Upstroke),Calcium API F(t) (td3090),Calcium API F(t) (triangulation903030),Calcium API F(t) (triangulationRMS90),Calcium API F(t) (td90Minus30),Calcium API F(t) (meanPaddedTransientPCC),Calcium API F(t) (meanExtendedTransientPCC),Calcium Stretch F(t) (blurRadiusInMsec),Calcium Stretch F(t) (blurRadiusInGridUnits),Calcium Stretch F(t) (maximumPeakMaxMinRatio),Calcium Stretch F(t) (signal),Calcium Stretch F(t) (noise),Calcium Stretch F(t) (snr),Calcium Stretch F(t) (logSNR),Calcium Stretch F(t) (noiseRatio),Calcium Stretch F(t) (cellHealth),Calcium Stretch F(t) (isHealthy),Calcium Stretch F(t) (hasTransients),Calcium Stretch F(t) (numTransients),Calcium Stretch F(t) (hasFullTransients),Calcium Stretch F(t) (numFullTransients),Calcium Stretch F(t) (numFullTransientsOrNaN),Calcium Stretch F(t) (meanFullTransientAmplitude),Calcium Stretch F(t) (meanFullTransientAmplitudeOrZero),Calcium Stretch F(t) (cvFullTransientAmplitude),Calcium Stretch F(t) (cvFullTransientAmplitudeOrOne),Calcium Stretch F(t) (cvTD50),Calcium Stretch F(t) (cvFullTransientPeriod),Calcium Stretch F(t) (cvFullTransientBPM),Calcium Stretch F(t) (cvFullTransientBPMOrOne),Calcium Stretch F(t) (meanFullTransientPeriod),Calcium Stretch F(t) (sdFullTransientPeriod),Calcium Stretch F(t) (meanFullTransientBPM),Calcium Stretch F(t) (meanBPMorZero),Calcium Stretch F(t) (sdFullTransientBPM),Calcium Stretch F(t) (minFullTransientBPM),Calcium Stretch F(t) (maxFullTransientBPM),Calcium Stretch F(t) (periodApproximate),Calcium Stretch F(t) (bpmApproximate),Calcium Stretch F(t) (autocorrelationAtPeriod),Calcium Stretch F(t) (autocorrelationEntropyRatio),Calcium Stretch F(t) (td10),Calcium Stretch F(t) (td25),Calcium Stretch F(t) (td30),Calcium Stretch F(t) (td50),Calcium Stretch F(t) (td60),Calcium Stretch F(t) (td75),Calcium Stretch F(t) (td90),Calcium Stretch F(t) (td100),Calcium Stretch F(t) (td10Fridericia),Calcium Stretch F(t) (td25Fridericia),Calcium Stretch F(t) (td30Fridericia),Calcium Stretch F(t) (td50Fridericia),Calcium Stretch F(t) (td60Fridericia),Calcium Stretch F(t) (td75Fridericia),Calcium Stretch F(t) (td90Fridericia),Calcium Stretch F(t) (td100Fridericia),Calcium Stretch F(t) (td10Bazett),Calcium Stretch F(t) (td25Bazett),Calcium Stretch F(t) (td30Bazett),Calcium Stretch F(t) (td50Bazett),Calcium Stretch F(t) (td60Bazett),Calcium Stretch F(t) (td75Bazett),Calcium Stretch F(t) (td90Bazett),Calcium Stretch F(t) (td100Bazett),Calcium Stretch F(t) (td10Normalized),Calcium Stretch F(t) (td25Normalized),Calcium Stretch F(t) (td30Normalized),Calcium Stretch F(t) (td50Normalized),Calcium Stretch F(t) (td60Normalized),Calcium Stretch F(t) (td75Normalized),Calcium Stretch F(t) (td90Normalized),Calcium Stretch F(t) (td100Normalized),Calcium Stretch F(t) (upstroke10To100Time),Calcium Stretch F(t) (upstroke20To100Time),Calcium Stretch F(t) (upstroke30To100Time),Calcium Stretch F(t) (upstroke40To100Time),Calcium Stretch F(t) (upstroke10To90Time),Calcium Stretch F(t) (upstroke20To90Time),Calcium Stretch F(t) (upstroke30To90Time),Calcium Stretch F(t) (upstroke40To90Time),Calcium Stretch F(t) (downstroke100To10Time),Calcium Stretch F(t) (downstroke100To20Time),Calcium Stretch F(t) (downstroke100To30Time),Calcium Stretch F(t) (downstroke100To40Time),Calcium Stretch F(t) (downstroke90To10Time),Calcium Stretch F(t) (downstroke90To20Time),Calcium Stretch F(t) (downstroke90To30Time),Calcium Stretch F(t) (downstroke90To40Time),Calcium Stretch F(t) (downstroke75To25Time),Calcium Stretch F(t) (onsetTimes),Calcium Stretch F(t) (meanMaxMinRatio),Calcium Stretch F(t) (meanMinValue),Calcium Stretch F(t) (meanMaxValue),Calcium Stretch F(t) (meanRelativeVelocitySigma),Calcium Stretch F(t) (meanTransientIntegral),Calcium Stretch F(t) (meanTransientIntegralNorm),Calcium Stretch F(t) (meanTransientSum),Calcium Stretch F(t) (meanTransientSumNorm),Calcium Stretch F(t) (meanTimeOnsetToPeak),Calcium Stretch F(t) (meanRiseTime),Calcium Stretch F(t) (meanDecayTime),Calcium Stretch F(t) (meanUpstrokeTime),Calcium Stretch F(t) (meanUpstrokeVelocity),Calcium Stretch F(t) (meanUpstrokeNormedVelocity),Calcium Stretch F(t) (meanDownstrokeTime),Calcium Stretch F(t) (meanDownstrokeVelocity),Calcium Stretch F(t) (meanDownstrokeNormedVelocity),Calcium Stretch F(t) (upstrokeRatio501001050),Calcium Stretch F(t) (triangulationRMS90Upstroke),Calcium Stretch F(t) (td3090),Calcium Stretch F(t) (triangulation903030),Calcium Stretch F(t) (triangulationRMS90),Calcium Stretch F(t) (td90Minus30),Calcium Stretch F(t) (meanPaddedTransientPCC),Calcium Stretch F(t) (meanExtendedTransientPCC)
25,F11,0,0,9150.0,2272.0,369.7431540948392,201.47456415140846,0,6,R541C,,R541C,13.753703342629509,1.373994963928688,1.0975705695943692,0.032554852636578764,9.90158835610139E-4,32.87841451873564,1.5299230775182864,9.560594161816495E-4,1.0,true,true,4.0,true,2.0,2.0,0.07311990931560758,0.07311990931560758,0.4654061627065246,0.4654061627065246,0.23956714409262805,0.026324302907894902,0.026337988697730554,0.026337988697730554,2022.9102417844006,53.25170196021548,29.660238383624108,29.660238383624108,0.7811910233198857,29.11822895898563,30.22280855570812,2086.389891421776,28.757808042825992,0.8551944348092912,0.03577795956170912,357.07860134704447,563.2969635012469,618.6738271158355,821.7618418899785,901.62726116934,1020.8338449273966,1208.2956102053881,1517.907552435855,28.1926439312973,44.49154291106669,48.87050940682753,64.91281602519129,71.2270997253738,80.65096205405641,95.44586555843287,119.84145171536605,7.921869740970598,12.504132333349755,13.735533404697252,18.244366636768873,20.01983531923417,22.669552619421673,26.825954502997227,33.67393113259068,0.17651727396074032,0.2784587036369765,0.30583355323274547,0.4062275354170464,0.44570799165761227,0.5046362531769691,0.597305597276306,0.7503583308258478,441.51780336705747,416.76287378158634,401.2335169818971,385.5642461990081,288.41311365587023,263.6581840703991,248.12882727070985,232.45955648782086,766.7778068383307,650.0006233545847,572.5305971600962,516.063014970332,562.8038952024733,446.0267117187275,368.556685524239,312.08910333447477,299.09598294416406,38.5427; 2023.80; 4084.36,1.07331365620708,0.9980142896338731,1.0711341989494807,0.017101098754900686,59.60230660054893,857.7647802951265,5.960059645645775,85.83927205351502,440.30095964902824,361.375743840505,460.3860980494735,400.40040040040026,7.447773949658007E-4,0.009712726013461313,395.39539539539544,2.6544539719682264E-4,0.0036189496418590405,5.716053470422745,0.8338718345167838,0.5120616577161501,0.952890231835243,0.8817493243369087,589.6217830895527,0.9384434513573785,0.9060715376755126,37.68423639180989,3.764655215541808,3.076519642791521,1.3991199748027646E-4,1.991189341520944E-4,0.7026554158501396,0.23112676414755043,0.5216769240595808,0.0,false,true,9.0,true,7.0,7.0,4.963150612442445E-4,4.963150612442445E-4,0.3916171457655852,0.3916171457655852,0.6726696579683512,0.7570374979315361,4.913020740704954,4.913020740704954,641.6149192895858,485.72655313453254,93.51403497043631,93.51403497043631,459.436393356762,40.00797675732359,1186.631070040863,226.93024265086513,264.3984305446265,0.1541635893262321,0.5235674899293884,5.534368976732927,11.18841729439313,13.02760803202686,22.938671984579305,29.161593689860485,53.186063583712084,94.69853723993027,196.5278746710398,0.7043028215642211,1.4366275567167694,1.675887860746686,2.9459956985481304,3.7396032388304614,6.671940061921532,11.4323631058513,24.614923147260946,0.25927648041165985,0.534559932913299,0.6247384941394268,1.0951179886840272,1.3864461400485661,2.4234261618854886,4.054538454628704,9.035911000935767,0.008625686233825014,0.017437900768861894,0.020304403218134946,0.03575146290235528,0.04545030486845447,0.08289405683178501,0.14759403871840007,0.30630190907755234,47.49863709827186,33.574284752400764,25.37360519603362,19.279545429502168,43.33806822548632,29.41371587961522,21.213036323248076,15.118976556716623,47.19990014165841,27.509063457316245,22.41163103860602,9.882048260358317,45.82610003771102,26.13526335336886,21.037830934658636,8.508248156410932,20.910822340318628,198.910; 684.556; 735.119; 905.611; 2405.31; 3265.31; 3863.92; 4690.21,2.479115062044896,3.2759028672278305E-4,8.239053479670275E-4,0.2041373107052568,0.01839284836263691,129.15564485773774,0.0018721709366345985,13.068002318182764,54.815574697574334,15.302623763603922,7.636048220975381,14.300014300014263,1.902017560707506E-5,0.036191762943388654,10.010010010010003,2.073497813258025E-5,0.04195153175339954,0.745048504126169,0.8799210549776804,0.21677506274078343,6.839779805890179,0.8461675180295207,81.67092920790341,0.09212324894151017,0.09789405333620993
26,F11,0,0,6556.0,1294.0,304.1710045352778,134.46189051177288,0,7,R541C,,R541C,12.785517800638225,1.2772732282837587,1.2075304339457504,0.07350762483168892,0.0011209554982606078,65.5758635786622,1.8233168085321614,0.0010081294527846116,1.0,true,true,3.0,true,1.0,1.0,0.20665191514928294,0.20665191514928294,,,,,,,2121.410681463989,,28.283066793363133,28.283066793363133,,28.283066793363133,28.283066793363133,2070.5425114636614,28.977912632948623,0.9955822744292859,0.04357461762289601,389.33202330684935,647.145479108261,704.0186553896442,966.3930720244048,1093.97939294746,1323.4395988517626,1622.7672311119388,2122.122122122122,30.300180084091103,50.36478733764811,54.791002958555275,75.21057185496188,85.14011339998999,102.99809873081207,126.29359105788359,165.15641820209515,8.452939315230937,14.05042774690233,15.285223445667821,20.98173667580296,23.751813021067186,28.73371299244656,35.232531890970286,46.07422057257681,0.1835250603330472,0.3050543135106989,0.33186344423598346,0.45554266341182714,0.5156848706882643,0.6238488428551019,0.7649472331269985,1.0003353620608915,601.1595715629958,588.7269144335378,555.7844670549594,508.48321333112153,401.5598968321981,389.1272397027401,356.18479232416166,308.88353860032385,1021.607659548943,821.6418921077425,685.052750205221,585.4961796163384,831.8753109728914,631.9095435316908,495.3204016291693,395.76383104028673,422.676602399632,1962.67; 4084.08,1.206651915149283,1.0,1.206651915149283,0.01460491897029962,204.90576512482338,991.550283851964,20.470085935969866,99.05587335681113,679.9692400225474,460.05178834830167,506.3412836761031,600.6006006006007,0.0016376088209983332,0.00792447928593037,360.3603603603601,5.01763521679848E-4,0.0024276924742908696,3.2602864127511477,0.8233510974191092,0.43383834840394364,1.3050060089868025,0.9361010460275617,918.7485757222946,1.0,1.0,16.951506386681064,1.6934554880294383,7.192691205654595,9.449322943198554E-5,1.8794472207602202E-4,0.5027713914401056,0.17689291871902818,0.6247178983480853,0.0,false,true,7.0,true,6.0,6.0,7.543412310797383E-4,7.543412310797383E-4,0.4396499890689835,0.4396499890689835,0.5102923204787393,0.7315878894440245,2.1261203637114012,2.1261203637114012,728.495444645418,532.9584448177276,82.36153079749718,82.36153079749718,175.11052781500248,40.83281944923936,426.7504013458389,144.40162814574305,415.5077804208872,0.10266086229982704,0.7716452914930124,4.218091523292401,7.981086487135163,9.235418141749411,14.298456984884808,16.90834607249398,22.4690311861267,95.77659378722167,517.7333218537382,0.51341870874282,0.9857066596546722,1.1431359766252849,1.7781629864886155,2.1047795860242835,2.761366186038591,11.086965120599396,57.297095261009666,0.18252087439795492,0.3547933805923731,0.4122175493238431,0.6437238715853026,0.7625795169713792,0.9942811848834792,3.831235785463394,19.395207974310868,0.005790141248371814,0.010955575008461189,0.012677386261824306,0.01962738008862131,0.02320995442974089,0.030843063400434977,0.1314717813147606,0.710688482212453,65.83416465675188,18.529213473930003,9.278726960008916,8.181521283262157,63.13867175722488,15.833720574403003,6.583234060481914,5.486028383735156,-73.93732673194135,-90.52725731179265,-93.21506260223788,-95.15293107317932,28.419830506704386,11.829899926853082,9.142094636407856,7.204226165466423,8.225473476235473,708.407; 1346.49; 2815.90; 3046.56; 4288.42; 4429.01; 5079.38,4.955738557223668,1.926283048456608E-4,9.469695359253992E-4,0.19711272675605898,0.08763902188306028,154.8524453792288,0.008828011909615921,15.58831679571187,18.216463587856044,7.084315606515133,-96.66561448404146,11.23417437863109,3.529875986472654E-5,0.04744750765642227,10.454180643057176,3.502785167879786E-5,0.04455683385497854,0.7232369204607879,0.8177648197861069,0.19074520557465147,7.177908323641903,0.9125500593556661,86.54117564547226,0.13678230399857474,0.23638954887553998
27,F11,0,0,5037.0,729.0,268.79732141522544,100.2197585309404,0,8,R541C,,R541C,9.872206365803017,0.9862334159437214,1.1374932070449357,0.05545859701028252,0.0015701834787818817,35.31981947313969,1.5601436812032845,0.001460848084167745,1.0,true,true,3.0,true,1.0,1.0,0.13749320704493573,0.13749320704493573,,,,,,,2057.10937390917,,29.167141407741823,29.167141407741823,,29.167141407741823,29.167141407741823,2058.7037947726294,29.144552097465102,0.9841881659396035,0.04917376915863976,433.95638419308807,654.6511929740527,711.7561871225384,916.9763248230961,1019.1073375573005,1149.43506264115,1355.3799328823566,2019.148085201614,34.1214088179871,51.47434581515809,55.96443496204862,72.1006193142729,80.13104395010049,90.37853828336875,106.5717073838395,158.76290749202323,9.567916803624161,14.433819567871698,15.69287659061859,20.217592150681792,22.46938765019437,25.342867281393985,29.883561822079173,44.518393085352336,0.2109544537092023,0.3182383986370179,0.3459982226273038,0.4457596355611107,0.4954074637366844,0.5587622501845166,0.6588759693932552,0.9815462954041102,389.34530741973003,380.1758254588992,374.6282953663954,365.86434794120896,268.9808674515366,259.8113854907058,254.26385539820194,245.49990797301552,966.0346254626265,815.1991893056902,720.5864039290987,653.2429896160916,652.4426812377319,501.60724508079556,406.994459704204,339.65104539119693,340.17222916778246,2024.34; 4081.45,1.1374932070449357,1.0,1.1374932070449357,0.019125485064716514,125.69059961005239,902.221558952832,12.56203540937668,90.17308278745718,398.08388577821097,329.637649330009,587.3386754930871,380.38038038038053,0.0019782809647683787,0.014384658018300002,550.5505505505503,3.1785210436710744E-4,0.002304633395820381,5.520860470438681,0.7859026807591893,0.5251340748486034,0.9042755895973822,0.8882148103175365,643.6237457598181,1.0,1.0,128.1866990738283,12.805851237475446,1.8096020091082088,1.7283486479240108E-5,3.335059587619297E-4,0.051823621213250265,0.0219429197075007,0.7333982930845552,0.0,false,true,7.0,true,5.0,5.0,2.3848766196530208E-4,2.3848766196530208E-4,0.35547239317278856,0.35547239317278856,0.4652380847305845,0.7296226113870511,0.8815462838143612,0.8815462838143612,892.9466265638393,651.5140495027664,67.1932657732152,67.1932657732152,59.23397373972857,30.23890856628747,147.14306772159196,393.9829594627966,152.29085055305734,0.31873101954270355,0.4031116730326447,71.58880623681057,158.6375148521633,188.90283254553134,279.90687075717517,312.67974081081707,375.5065121153492,531.2838163320918,684.3229142331754,7.94493844044045,17.912436670561835,21.274007886807375,30.89356607374906,34.269768668047824,40.77357954121201,55.77245373197187,72.25403061722587,2.6778816474260023,6.080472071088906,7.209795439286284,10.370267594703943,11.466497630677392,13.584421602793947,18.317831488481293,23.798513704502867,0.08017142806428697,0.17765621161772968,0.21154997054241756,0.31346427930893117,0.3501662154366879,0.4205251478023285,0.5949782445301716,0.7663648575128484,142.47851116700377,110.30679423979522,88.55590742821985,72.54371279309198,119.84386541963102,87.67214849242245,65.92126168084708,49.90906704571921,388.80530516508793,352.44725691750085,263.3936153556275,240.1360280177251,339.8511446756501,303.49309642806304,214.43945486618972,191.18186752828728,154.90955711054943,287.780; 2271.98; 3235.42; 3927.58; 4344.75; 4752.51,1.551146798202607,4.364197764385595E-4,6.749074384038616E-4,0.06976974634103206,0.06738578447272667,366.58297425390083,0.0067585530392006,36.7960162781858,141.45357747079532,58.46473274932784,221.44213800784732,44.04404404404397,5.463908416504479E-6,0.02355550869519472,198.19819819819833,3.059325749499479E-6,0.012352578144852976,0.9631196274402232,0.8362161091894627,0.39881143930790247,2.1096597452903043,0.8552446112520548,342.3809837865604,-0.006869816333026948,0.011268026596883822
33,F11,0,0,3339.0,431.0,231.87927893626028,76.7333043730035,0,14,R541C,,R541C,13.897463366756185,1.3883565903389428,1.2428276105351157,0.09174607133699482,0.0020585498235466586,44.56830254364515,1.6586628510608648,0.0018337553356767983,1.0,true,true,3.0,true,1.0,1.0,0.2428276105351157,0.2428276105351157,,,,,,,2062.2734183896055,,29.094105303870418,29.094105303870418,,29.094105303870418,29.094105303870418,2075.800912707172,28.904506030759247,0.9948511787461384,0.07783280576838805,376.98318334695296,614.0209845626568,689.453281809554,912.9957991112024,1021.4642087230336,1160.0807051087088,1385.156478595591,1950.0800640469981,29.616920261624408,48.23931502010674,54.165500673476835,71.7276657844666,80.24926669477094,91.1393909808241,108.82201325856477,153.20409055888507,8.301352495019263,13.521039816522082,15.182095578734309,20.10461020463751,22.493137180211487,25.54553964523872,30.501817315810897,42.94170859676018,0.18279980723474232,0.29773985306086886,0.3343171063844369,0.44271326535554406,0.49530978754537686,0.5625251699236836,0.6716648075099743,0.9455972455726955,530.0173404737391,520.0324137274945,511.6361697419784,485.35189878812207,353.6273335324938,343.64240678624924,335.24616280073315,308.9618918468768,855.1391381218518,701.1027088762462,598.9039057004161,536.1123099349115,654.5459617161441,500.5095324705385,398.3107292947084,335.5191335292038,326.2569372454868,2018.04; 4080.31,1.2428276105351157,1.0,1.2428276105351157,0.016349637963026662,218.52145283403487,903.1791298123818,21.839225599055176,90.26849599385527,544.5267685989795,437.6241730786851,475.37162603251727,520.5205205205204,0.0026508014625079763,0.010913893410809129,470.47047047047045,6.394440257113496E-4,0.0026347582204282443,4.736542597435751,0.7959325449031108,0.4977439678934976,1.0090650304253819,0.9328241982434321,695.7031967860369,1.0,1.0,150.37433324339187,15.022395891014849,1.4326414558522145,0.0,4.111632341972891E-4,0.0,0.0,0.7722349056222578,0.0,false,true,6.0,true,4.0,4.0,1.7089561808011574E-4,1.7089561808011574E-4,0.1424499389609151,0.1424499389609151,0.41154086528875694,0.5339820520319168,0.6762893404915883,0.6762893404915883,751.5335694383152,401.3054375795426,79.83675306060259,79.83675306060259,53.99274507434472,45.66312513274964,165.59344775695888,542.5821440305517,110.58233423291851,0.27830683981953974,0.34812588239867887,62.966102886121575,119.34324168410865,139.71890574762605,214.1406410532716,257.3447412385133,425.06327944921065,530.4037121148755,683.4716607887748,6.717736642223773,13.024492887346794,15.312904009553069,23.490124961123627,28.28849767557407,45.30370561029545,57.39449151695699,74.33636324561435,2.2097397588954877,4.342156826896065,5.1157732540395395,7.8463089410021745,9.457627177609481,14.926115797789858,19.05848282547631,24.747815726190385,0.08378348678846306,0.15879961526309994,0.18591172960118046,0.2849382246668197,0.3424261426283976,0.565594534608609,0.705761836442371,0.9094359701052225,217.84539970981572,179.65202690783966,148.61531600752565,126.35814668739599,184.10832609034512,145.91495328836905,114.87824238805504,92.62107306792538,312.5583124050598,275.66595278028547,159.93306453121102,130.98659455111732,283.3292831384088,246.4369235136345,130.70403526456005,101.75756528446635,204.98142242293568,583.116; 1897.09; 2259.42; 2911.68; 3589.25,1.3159231936742573,5.55005208959403E-4,7.259008270395187E-4,0.05531188693948503,0.04066236796900871,301.69664846487547,0.004083324574471048,30.297503686995604,224.31186545906675,107.67054045551473,106.47010059775687,97.59759759759748,2.474040519443969E-6,0.013528709227314481,170.1701701701703,2.310576094642094E-6,0.011583033749454809,0.9802842177545044,0.8860621512606734,0.26990963606506824,2.769526962240475,0.8506837203206781,390.6848063672494,0.05349648121832316,0.04680194532696101
36,F11,0,0,8823.0,2342.0,354.7083308860958,185.00270268296083,0,17,R541C,,R541C,10.843651690059527,1.0832808038369468,1.2561336807531411,0.08219495308265232,0.0013081746124381365,62.83179042089789,1.8050370261470399,0.001205209899293953,1.0,true,true,4.0,true,2.0,2.0,0.191685339507347,0.191685339507347,0.009342730858716047,0.009342730858716047,0.026678677219486222,0.2673273095652279,0.2821429702475715,0.2821429702475715,1953.6338409592445,522.2596785792172,30.711998708283883,30.711998708283883,8.665174537794794,25.829479274431296,37.87064758558601,3910.8039910400175,15.342113830676524,0.9821561856754099,0.11082535985356043,298.514065817777,504.9287761571029,562.2170545707297,763.5764738624583,856.213906839812,1004.7112354712878,1209.7284045965064,1562.1766328381932,24.19040057599546,40.82123580078947,45.402989949420515,61.65135832229163,69.08916760013909,81.03053105464446,97.50237474834245,125.65518233711757,6.896573121641117,11.624404048718787,12.922100205181529,17.54472045933354,19.655468044337418,23.04690441039294,27.722967379729866,35.6917298834483,0.15279939339666895,0.25845619868520514,0.2877801575625237,0.39084932798232974,0.43826734001465006,0.5142781694332083,0.6192196199890372,0.7996261121639643,425.1649755080079,419.1312986379917,411.1493038657411,393.8120891442343,291.106348103642,285.0726712336258,277.0906764613752,259.7534617398684,784.5634290884984,642.9328131995921,539.3329948335908,462.40181769557773,620.1079906750873,478.47737478618103,374.87755642017964,297.9463792821666,317.9386291859406,503.770; 2088.11; 4411.04,1.1916901904728059,0.9999748604326298,1.1916601999399767,0.019100068160937567,146.99071103382346,791.3448858824949,14.694001372004685,79.12234391626662,440.7964324633002,354.0982166659959,409.47825719646244,415.4154154154153,0.0024330753018116623,0.01271116352986461,300.30030030030025,5.329342657905936E-4,0.002755504850247152,4.986329345336392,0.7985221565301949,0.46487158690709385,1.1531809164914164,0.9337915237339387,647.5113500257767,0.9943205710582498,0.7033047068351552,124.52255985488965,12.439803729503476,1.763024704616517,0.0,3.733103563377082E-4,0.0,0.0,0.6353753420451161,0.0,false,true,5.0,true,3.0,3.0,2.900196836517026E-4,2.900196836517026E-4,0.390155933476777,0.390155933476777,1.019118483551017,0.280806312073061,0.33153901591900903,0.33153901591900903,1274.779531716097,357.96613900742085,47.066962174414996,47.066962174414996,15.60453432160277,37.24100047063242,66.7751722769393,814.0439190110328,73.70609693011762,0.26339053811547675,0.4858029493325642,100.4923230441453,273.6734564183678,298.17492208496856,422.1971047229304,475.2422773222501,566.2882196381963,720.9938477056807,1186.6863287978447,9.748831727231204,25.67748282833188,27.92727502741258,39.35503172277189,44.33912152174895,52.97326962040137,67.87998258737429,108.84572725609064,3.041299013510292,7.874227019121754,8.556320421433012,12.030533047702278,13.56198832106878,16.22778098641515,20.866959866725576,33.03637336624128,0.07883113945896465,0.21468297035641212,0.23390312965220592,0.3311922526356949,0.3728035048401532,0.44422443689213,0.5655831692991533,0.9308953425070593,282.35012748350914,243.55563278816672,211.24283147586252,185.34677574346497,221.37958674736288,182.58509205202049,150.27229073971625,124.37623500731873,438.64372022217157,377.18803729303664,319.21019029347946,289.8955015787851,399.1219379141725,337.6662549850376,279.6884079854804,250.37371927078607,155.11894693455898,1043.53; 2358.21; 3256.75; 4867.87,1.5345309013454802,5.355027212264808E-4,8.255224048781835E-4,0.037821258693018216,0.14634474351377516,538.9652650387499,0.01464462069312491,53.92355476025957,303.0269885291827,156.94390731236362,265.2531974105668,140.14014014014023,4.151746000712865E-6,0.01287641299943012,233.56690023356668,4.434931785610629E-6,0.014402177513415743,1.2075951553392694,0.8781321591759209,0.31050489873407455,6.451186520806496,0.7483507666173816,422.8189256207121,-0.06199541712842586,-0.021644262037847337
41,F11,0,0,6317.0,1374.0,304.2498972883968,145.45102268461366,0,22,R541C,,R541C,7.257632398247767,0.725037476584952,1.1080537412009452,0.04306297513608372,0.0012281626418123705,35.062925438390394,1.557060953950912,0.001154305830630535,1.0,true,true,4.0,true,2.0,2.0,0.09149543896361029,0.09149543896361029,0.255916950174288,0.255916950174288,0.050279584265179394,0.22552626393692307,0.23433533789056252,0.23433533789056252,1519.3136401670063,342.6451290152716,39.49151670448023,39.49151670448023,9.25425791075517,34.05993903791441,46.98412996894531,1743.9247339745966,34.40515455231453,0.514372702448257,0.25520566586164894,828.8591635352475,948.742943185321,981.6998233598567,1101.810680290765,1143.2138767555093,1207.0904425801637,1306.9083443417458,1486.7015666660545,72.13258637424178,82.78574510061296,85.6667940003592,96.20961325619292,99.78012627875273,105.35819517605401,113.94358965358572,129.52535863259362,21.30215562273203,24.48088270418196,25.333630264981267,28.46047816351981,29.510077271752586,31.160225652067016,33.680623194875025,38.272586390537896,0.545548425040229,0.6244549631510141,0.6461469162166846,0.7252029147646246,0.7524541651780634,0.7944972062828829,0.8601965451966109,0.9785349959094904,137.35828560090306,126.25040234079142,122.39616616916442,119.85552363758495,95.72130744287756,84.61342418276593,80.75918801113892,78.21854547955945,1169.5500587408428,1108.4173768544013,1067.5300192852787,1023.3583531179243,382.3278733636208,321.19519147717926,280.30783390805675,236.13616774070226,224.87509552130973,1062.07; 2823.67; 4100.69,1.09149605481808,0.9999943004799012,1.0914897394435115,0.029896760399906797,114.42838565177749,906.1773801167033,11.438750428007387,90.58785541901419,134.21056603760292,117.31488110600537,984.4957991847596,115.11511511511515,0.002615881202017116,0.029874724608387977,960.9609609609611,3.500444296306252E-4,0.0039035623297062763,6.423943926903389,0.8199600573534395,0.7519685810441831,0.33021488123139253,0.4942331276228126,325.208520981889,0.8788740093366133,0.7247279832191748,100.74092735247177,10.06401864251193,2.2189140591520817,3.4251539675733873E-4,7.790771771637998E-4,0.4396424472402756,0.1582546431562368,0.6298650368607002,0.0,false,true,6.0,true,4.0,4.0,0.0010104718038141045,0.0010104718038141045,0.16239968780561378,0.16239968780561378,0.5525734705564277,0.34617265115001133,0.3071334308002553,0.3071334308002553,720.9667150829391,249.5789591511759,83.22159504006738,83.22159504006738,25.560134001325405,55.25245298160096,109.2809568388353,2280.0098457369963,26.31567583455125,0.6358567865420671,0.34625251365003223,71.22037557636,115.71492162192229,131.6195669131631,232.9099542548006,273.42346760330406,361.14455572544875,547.5372334034964,725.1780646843226,7.432330252181375,12.076404571036768,13.91633398180766,25.549636493991386,30.04720224997696,39.79619083022706,59.9119120969917,80.14524202991147,2.4074248861108307,3.913331193693267,4.540483865965725,8.491835420888858,9.99501221963257,13.255247748448074,19.8888687060134,26.73722008221315,0.09878455424695562,0.16049967245521257,0.18255983828327188,0.3230522982298939,0.3792456182555526,0.5009170994584724,0.7594486984610772,1.0058412538516415,162.44564580988978,123.83786969178351,95.89094821035826,75.7300229561059,139.90395241681532,101.29617629870904,73.34925481728379,53.18832956303143,385.0915875936067,338.02316104097076,231.22951308628626,197.6934446471982,336.4129054103212,289.34447885768526,182.55083090300073,149.01476246391266,167.91098980038328,608.494; 1180.57; 1729.61; 2815.54; 3492.36,1.974605548568978,0.0010398466454747898,0.0020503184492888945,0.07209290445790253,0.26600414403920414,244.52268496472112,0.026665603827390843,24.51062311211402,165.69532280245036,57.71822752634196,175.19172672845863,37.53753753753756,2.1453471409613672E-5,0.020837573956396294,227.72772772772765,1.8686941875499073E-5,0.01894771540546598,0.573683234807277,0.8259940215696717,0.2035926722450324,6.975369572167433,0.8019625586922415,415.9176664903333,-0.019315356125144942,-0.03184333519321862
42,F11,0,0,5264.0,1525.0,290.4548157631407,147.79715829473852,0,23,R541C,,R541C,9.72228288518063,0.971256060229545,1.1498399337320073,0.04891805376322115,0.001519176939415485,32.20036619437019,1.521142873924434,0.0014183912968948713,1.0,true,true,4.0,true,2.0,2.0,0.14065800992356947,0.14065800992356947,0.09231753801738778,0.09231753801738778,0.010008726124557327,0.22844328914734074,0.23760435157463555,0.23760435157463555,1516.5309058826174,346.44130823342135,39.563981035440975,39.563981035440975,9.400574059637131,34.06184225877956,47.18613699901725,1743.8947969495305,34.40574517737749,0.5322426412771127,0.25390565326928377,497.74178505170516,752.5390776288918,801.1946894013778,1015.816554837183,1103.6751689553744,1171.9622535836452,1271.5899313473092,1456.4034153301966,43.91054955190103,66.0692277093538,70.28884290444645,88.97182150258317,96.52236780169184,102.42491423789082,111.01556287932121,126.77538560979093,13.056156732224137,19.59793484069366,20.841919653805817,26.360289902144658,28.57599993429387,30.31321114996981,32.83844994672848,37.44468337045712,0.32821077573887003,0.49622402992896203,0.5283075249528689,0.6698291151844217,0.7277630575639591,0.7727915395839334,0.8384859988113772,0.9603519517345894,400.27698336435674,392.81435672563816,388.78911462363124,384.36274950653694,268.0675171620794,260.60489052336084,256.5796484213539,252.15328330425962,871.3129479829526,808.9738938882662,757.1143656160349,719.3124194488374,505.7806291335247,443.4415750388383,391.58204676660705,353.7801005994096,273.90594596442486,1061.44; 2822.94; 4094.50,1.1406580099235695,1.0,1.1406580099235695,0.02816271360026067,127.07100813499845,899.8532100285457,12.70059931389944,89.94974132038695,405.1605311853152,377.0826738839045,638.7338809532786,385.38538538538546,0.002753018854960146,0.01933334570856502,660.6606606606605,4.047941406616646E-4,0.0032185483295382135,16.21049934439089,0.7495379532872727,0.6330307398989532,0.5924246500228318,0.8506314302581351,470.3952419459314,0.880549727686303,0.7347115370000793,7.682812788021595,0.7675129975233573,8.25245572979978,1.2048876235563481E-4,2.1561937459677982E-4,0.5588030416142125,0.1927912445385253,0.6071149941832817,0.0,false,true,12.0,true,10.0,10.0,7.315376527219418E-4,7.315376527219418E-4,0.3218642251377557,0.3218642251377557,0.55858448927308,0.6833543867441928,0.8095576464990626,0.8095576464990626,307.17227990919133,209.90752496216098,195.33012554953743,195.33012554953743,158.13099673024993,78.50975742448185,465.9618998061974,124.16521612557958,483.2271216708272,0.09983278030670194,0.7875919399994937,4.811722960297357,10.584334204615965,13.307993556779802,25.341492895925303,30.234823011276085,43.031071801298715,92.45811611451276,200.43627958247464,0.7498868305540192,1.6440688285397678,2.071854613202828,4.109384608536293,4.895051826375471,6.97709255200737,14.124355521579954,29.513943359563246,0.299396907318403,0.6563422673318661,0.8274694303388632,1.674639530343724,1.9930590437872415,2.8415476816315324,5.621513230668892,11.511821632116094,0.015664574165741244,0.034457322150765,0.04332420087097057,0.08249928314956334,0.09842952957934335,0.14008774429131396,0.30099759047869146,0.652520727592116,25.059180923885485,19.92128400451758,16.012363764937316,13.294735131508412,22.972224352709645,17.83432743334174,13.925407193761476,11.20777856033257,67.39893519062727,26.544435649678906,19.2405487781327,16.940087879767674,64.67416880150577,23.81966926055739,16.515782389011186,14.215321490646158,19.511591211634,254.422; 464.375; 830.870; 1076.75; 1652.82; 2417.05; 2716.85; 2908.16; 3036.93; 3196.59; 3326.14,5.584933698430052,1.6391869266061814E-4,8.954563453825599E-4,0.2561387221518691,0.058338538393684566,84.43916638585986,0.005865888916148635,8.523575836130664,26.400069705198575,10.885501793855138,14.455991102070163,12.01201201201206,2.9888386655349708E-5,0.040726064201869375,14.014014014014032,3.0761713913988153E-5,0.04198772343159839,0.8912097060383182,0.883697460635777,0.20879834977817127,6.952941658310553,0.797651960833551,79.15012255773296,0.17686140435263156,0.07634702479738195
46,F11,0,0,4119.0,915.0,256.4761197460692,116.0344776348823,0,27,R541C,,R541C,10.177048382660088,1.0166871334277428,1.13076107228959,0.04675391369390635,0.0014684930595636027,31.83802156191353,1.5163769836901961,0.001379707494822939,1.0,true,true,4.0,true,2.0,2.0,0.11640776810575226,0.11640776810575226,0.17437528243999345,0.17437528243999345,0.02159576028692699,0.22815166805945117,0.23727711700725984,0.23727711700725984,1516.2862035270803,345.94322659023584,39.57036597736769,39.57036597736769,9.389142358031968,34.07338830384394,47.182148336064735,1729.9252582097276,34.68357937156953,0.5249632265816994,0.27802037711376826,648.8071564767429,825.0498198042347,877.3722142384512,1043.8976804430943,1100.633247328804,1165.2359369958021,1254.298456218275,1377.912073003834,57.44156325863897,72.62614438807202,77.13177128572393,91.3241291912429,96.26202753799302,101.83031876864234,109.55104224772398,120.23378442590057,17.109253446979373,21.570921121278015,22.894455356077064,27.04133215098939,28.49968510395297,30.13615479571552,32.411825707343,35.55560234676609,0.42789227717533307,0.5441253886535806,0.5786323269298161,0.6884568876343078,0.7258743400609904,0.7684802079484142,0.8272174826234076,0.9087414168899183,276.6848693760834,271.38179261764276,267.09385308070773,262.9554038323249,179.6502702573937,174.34719349895306,170.05925396201803,165.92080471363522,977.6135868421918,924.6024108393478,877.965253260594,837.677843496479,425.84102948413863,372.82985348129466,326.1926959025408,285.9052861384258,251.18420896489124,1065.05; 2825.95; 4097.62,1.1164077681057523,1.0,1.1164077681057523,0.029154965523779844,116.21404849758834,904.3139363080624,11.61223713925516,90.3800195465557,281.7261655370619,255.3819494128395,788.5157310302548,265.2652652652654,0.002631263587201928,0.022856661284203016,800.8008008008007,4.6412000231459935E-4,0.004746228544755541,11.5469856488055,0.7326941369529854,0.7033326647505369,0.44260438683386605,0.7169620777034642,376.9262419798239,0.896817820324817,0.7639530264309143,37.80409579002437,3.7766291694234346,7.4822998189831535,1.97199666488431E-4,2.850044380434958E-4,0.6919178797431059,0.22837927995600438,0.7975997168480414,0.0,false,true,7.0,true,5.0,5.0,8.080505773557057E-4,8.080505773557057E-4,0.42785035106787683,0.42785035106787683,0.588454321633117,0.6620723915378353,0.5888735028386128,0.5888735028386128,819.834651717226,542.789888528012,73.18548914018696,73.18548914018696,43.09699534693915,33.86576829290249,132.89746059140973,263.24027485832164,227.92864819903625,0.13017733314057664,0.40778545437380403,12.792127935664576,37.862897921321746,42.394065159515094,73.86702316237003,84.94783050262679,166.05247237806205,329.7128611734376,659.9598589160245,1.504600285010339,4.37659253320602,4.914227993100876,8.71728673871038,10.026139769711232,19.71373135327048,37.97199121806185,71.32274506051927,0.5173093388693742,1.4914785100823895,1.6772064723278703,3.001985691404524,3.4530224765852457,6.804782162440015,12.934350034349848,23.686972333857902,0.0156033023352577,0.046183578410614996,0.051710506589001164,0.09009990369112617,0.10361580877887391,0.20254385689876422,0.40216995034647646,0.8049914181276338,69.26420478255383,35.83766163084779,24.5882377079321,19.00091720277237,65.2469144870618,31.820371335355752,20.57094741244007,14.983626907280335,260.44865639088374,199.02975655877802,105.24046529615813,65.94691329985442,251.67381875071123,190.25491891860548,96.4656276559856,57.17207565968188,108.45103537371033,563.319; 2335.02; 2928.48; 3379.96; 3916.99; 4662.49,5.029966610313803,2.1114902827242343E-4,0.0010191996056281292,0.12571617174281183,0.14044277963668633,193.31429229978446,0.014126272902584414,19.44105821442735,45.91802332177774,15.183974238657674,58.68304892371236,18.018018018017962,3.051793843382775E-5,0.03456471394104087,48.04804804804803,3.774972577525464E-5,0.04118093216238662,0.5593356726888956,0.7849091423484172,0.1205066818805598,8.985759740133295,0.7580858009753157,287.3187960139225,0.11833189460263124,0.03047601259262601
101,F09,0,0,3729.0,825.0,266.37567456507736,117.36268572250722,0,19,R541C,,R541C,18.293858659855566,1.827556480119571,1.0754383374959944,0.025954434881294768,0.0012655928412859039,20.507728895593154,1.3325945535680555,0.0012217599089237754,1.0,true,true,3.0,true,1.0,1.0,0.07543833749599438,0.07543833749599438,,,,,,,2017.2115376115637,,29.744029756562725,29.744029756562725,,29.744029756562725,29.744029756562725,2054.323024704063,29.206701808077796,0.7697543841559156,0.023161578276419896,598.9812719182137,854.4548182967462,920.1390303843536,1198.9403227146795,1325.409890602466,1449.3220426209903,1645.3315509137178,1941.941941941942,47.40557615170598,67.62469021316792,72.82317982222042,94.88853731233564,104.89780306479884,114.70466553952072,130.21757739079158,153.69241231216736,13.336366500955094,19.024505689166762,20.486969987794126,26.694503327776143,29.510358493276613,32.26927258745007,36.63344015464696,43.23749451861065,0.29693527959265226,0.4235821590176136,0.45614404499878314,0.5943552772528057,0.6570505204287049,0.7184779660426834,0.815646510163152,0.9626863151106388,470.07900738585977,462.84429952631626,455.2692167334826,444.28030224096256,364.55131911168337,357.31661125213986,349.7415284593062,338.75261396678616,1175.252543527858,1063.5030249572033,966.2345917862517,881.1295883615035,681.7989598838208,570.049441313166,472.78100814221443,387.6760047174662,380.5359757863812,1780.61; 3797.82,1.0754383374959944,1.0,1.0754383374959944,0.018606106757356432,80.69725738252,1031.5360420178565,8.066946148480891,103.11807329126981,481.65006868424575,384.96282820882016,813.9774945058593,460.46046046046035,0.0010085438335583601,0.013369115320335787,750.7507507507507,2.8284139233033026E-4,0.004618112644786099,4.5227926339140145,0.8096077509733611,0.5592423179834872,0.7881336369640164,0.8926779047389485,725.1925205293642,1.0,1.0,53.67161783247065,5.361794621463818,2.0895391901701386,0.0,2.566055526104575E-4,0.0,0.0,0.6340999408546021,0.0,false,true,7.0,true,6.0,6.0,3.0172508096600726E-4,3.0172508096600726E-4,0.6574677074371899,0.6574677074371899,1.1064265829798607,0.5792870080888443,1.1121771118766617,1.1121771118766617,814.1685009135718,471.63723497440253,73.69481861884178,73.69481861884178,81.96169053177788,41.770114855784556,235.69262985801484,1092.1793618570373,54.9360316587394,0.32388316533422606,0.44251420469846914,41.78429398986352,115.51462197496869,180.66762072884856,245.9921413439181,264.58275861530365,313.0251594229904,449.58489272360765,517.5252731970448,4.441306220041271,11.86636854696288,18.126157613496492,24.614876437052903,26.788213371769206,32.325840382752446,48.39533627287805,56.45116394912326,1.4652422867090282,3.8410661025572193,5.789236959889888,7.86387850218237,8.618821793163816,10.517117677600437,16.07896904624666,18.894195665719508,0.05132143277832255,0.1418804852378232,0.22190445899850325,0.3021391039666756,0.32497297343046,0.3844722057801885,0.5522012853839618,0.6356488523153794,100.83437359983559,83.76561129322116,70.23444042159339,60.6709561406112,81.15492784710823,64.08616554049378,50.55499466886602,40.99151038788383,348.61890562797953,327.69828009016004,220.55056834624284,203.7801889789,326.64567088663586,305.72504534881637,198.5773336048992,181.80695423755628,154.4685973095109,42.6706; 548.032; 802.601; 2239.04; 3356.53; 4475.90; 4927.68,1.9854302777841573,3.1512720755755936E-4,6.168522885235666E-4,0.08186340574964311,0.07192579088444831,268.609505696292,0.007214958017767826,26.93741295373624,106.16927262103546,52.599285795466095,193.26124205265953,51.6649715840108,8.292963187889443E-6,0.022233630114350342,176.89692364455104,7.440568443965619E-6,0.024016339335027958,1.0211427725799485,0.8328141190379957,0.3157737406082869,7.830636672500765,0.6488778307513663,268.91727199475906,0.0782690938439276,-0.010693482403051515
104,F09,0,0,3730.0,788.0,241.8677324489565,104.30723848324239,0,22,R541C,,R541C,15.171717520026416,1.515654580250639,1.0940830430443091,0.0352161551420306,0.0015995731704011578,22.015970131081108,1.3620292852780347,0.0015315447741560068,1.0,true,true,3.0,true,1.0,1.0,0.09408304304430914,0.09408304304430914,,,,,,,2011.4164666051433,,29.829724970516743,29.829724970516743,,29.829724970516743,29.829724970516743,2033.4389918759637,29.506663460134877,0.7836768023901972,0.02267958758519159,598.1611410767257,827.5470315339899,899.8105924902995,1104.8718325918437,1225.9120547807872,1338.1818098046485,1496.8327372473802,1799.2476087307507,47.386088629515086,65.55794799838357,71.28263866952301,87.52750887362683,97.11626732432961,106.01023284070916,118.57849646181882,142.5356827765284,13.337277751071023,18.451925164806745,20.06319530184851,24.635472782612755,27.334322559914185,29.837616075608935,33.37507670195429,40.1180609248475,0.29738303877281985,0.4114250058471077,0.4473517083257226,0.5493003815647586,0.6094769905358657,0.6652932557836835,0.7441684813159184,0.8945176887049702,328.9836795150834,322.0631777692183,316.7424098225713,311.96013154580237,233.76039535506652,226.83989360920145,221.51912566255442,216.7368473857855,1167.8490577322968,1087.695635231013,986.3386555255697,913.9519232349849,664.911200815588,584.7577783143042,483.4007986088609,411.01406631827604,379.7095363681806,1787.32; 3798.74,1.0940830430443091,1.0,1.0940830430443091,0.02343794079242727,101.26845641508001,1021.2059428320163,10.123568366390664,102.09199572610996,334.8011841116754,302.5817679025279,802.2900646893158,320.32032032032043,0.0016634048966161835,0.017680177455918277,990.9909909909911,2.8366785806308915E-4,0.003207722787344383,11.460600745236722,0.7659594097870877,0.6011430469813333,0.6634975735335289,0.8273092396360607,597.0221447570807,0.9544188457003343,0.9534635215777674,18.644254853515225,1.862561059866171,4.057562857541815,7.368043510009545E-5,4.6116512566840383E-4,0.15977017991831982,0.06437193794951622,0.757859825267873,0.0,false,true,12.0,true,10.0,10.0,8.708852702023314E-4,8.708852702023314E-4,0.4916880260739835,0.4916880260739835,0.6898408022563726,0.5964937509806154,1.0484996315957937,1.0484996315957937,364.1742381923167,217.22765734984307,164.75629989047883,164.75629989047883,172.74691973825315,74.99753782326533,544.909090909091,214.36702794900643,279.8937904493073,0.0743892440187215,0.6928668208084534,13.635161665076726,22.99562445475617,25.934824972588284,41.24776312290262,69.75455477191065,86.26270160143042,144.07834693384973,255.36056775513174,2.0468819708199746,3.3606439413656295,3.7731895772021766,5.893222458438319,9.846413477236103,12.09435345942104,19.771171816957565,33.87725422252659,0.8050312749152345,1.3044570955161041,1.4613105508519797,2.259605796484114,3.7370480240522435,4.575563682078205,7.406961203330058,12.500455200569105,0.03744131307244236,0.06314456664727727,0.07121543001318058,0.11326381384813963,0.19154170574546237,0.23687205890680266,0.3956302555859633,0.7012043713544571,35.22404817740185,29.718084065835363,25.26618071401624,20.88917644409114,29.873777926863955,24.367813815297474,19.915910463478347,15.538906193553249,108.85429875644789,64.69557458806328,54.6821332896244,48.865378327819506,100.56940734190906,56.41068317352445,46.39724187508557,40.58048691328067,46.10763738803255,1181.18; 1291.29; 1494.74; 1670.27; 2024.40; 2479.54; 3048.13; 3193.31; 3660.58; 4460.61; 4822.92,2.9395174873830507,4.421509531358442E-4,0.0013130362233381757,0.2132109640207931,0.07183199529550831,129.65896566983255,0.007210766868878454,13.071598607397041,39.083480122038054,17.32706958910878,23.920693533793838,17.01701701701695,3.1019684887094766E-5,0.03232861261530845,57.05705705705702,3.5173138536809096E-5,0.03716920928101397,1.0932480135052862,0.9198236451516364,0.22997975871978663,5.2855455991795335,0.7250065274789175,118.14352196126144,0.09026757178237257,0.05173257087767886
113,F09,0,0,2291.0,308.0,204.71932004576414,63.46652661048972,0,31,R541C,,R541C,7.711101135694113,0.7703390034558419,1.2136233923902011,0.06907402571269658,0.0021131027681178098,32.68843652796993,1.5274808559490245,0.0019962774077731367,1.0,true,true,6.0,true,4.0,4.0,0.18848734309175436,0.18848734309175436,0.12335726347225041,0.12335726347225041,0.0887971073669155,0.06366962398712639,0.06531734517913805,0.06531734517913805,1085.51012533837,69.11402151451246,55.27355166889585,55.27355166889585,3.6103216536341924,51.77376477258143,60.18063909019141,1099.979805559052,54.54645594107584,0.7898412268327699,0.16839587804479425,107.15321470048244,185.4918893505562,210.52366355170895,294.3324173568707,333.31198907875455,423.85907859912794,547.9751511499815,720.6986222456351,10.45088564154515,18.072889877939662,20.507596139909527,28.664884850490672,32.453509252989406,41.26700316361136,53.341948211415755,70.13973080998008,3.2642817492627234,5.642072309549833,6.401498136372236,8.94677421060356,10.128059155542994,12.878116769450225,16.6448969344397,21.88406804754062,0.09871231248725676,0.17087992550298464,0.19393984324751048,0.27114663464343347,0.30705562417011645,0.3904699446879914,0.5048088805059918,0.6639262089066027,61.64169070873494,52.9346453327764,49.138709639937716,46.21463197602578,30.91293058644538,22.205885210486834,18.40994951764815,15.485871853736214,486.3334604412464,411.0243344801932,341.8803365236605,287.0973571027287,409.9090058630536,334.59987990200034,265.45588194546764,210.67290252453586,224.78251940405897,121.553; 1236.96; 2233.96; 3304.71; 4463.59,1.1884873430917544,1.0,1.1884873430917544,0.051862157372434374,57.750387116786925,346.29390137620146,5.791914241029328,34.76199624163834,59.99147797511398,43.69419466192068,250.63822269494995,42.54254254254258,0.006484371401365933,0.034421099468561304,207.7077077077077,6.91543187337502E-4,0.0036773211650503027,2.444236954579093,0.7995024296582773,0.3840716025933937,1.6085819904593945,0.953995710737256,337.4514875982725,0.991520011615818,0.9400248859292362,47.334008627342094,4.728667461871475,2.602952473515402,0.0,2.6403575561816133E-4,0.0,0.0,0.7545819219428765,0.0,false,true,4.0,true,3.0,3.0,2.519528339673925E-4,2.519528339673925E-4,0.4228187679379696,0.4228187679379696,0.6518697877430305,1.0292587864060956,1.7419947928691788,1.7419947928691788,1336.204371330902,1375.3000896265642,44.90331066664458,44.90331066664458,78.22133336388191,20.565566670586797,143.2876087522035,733.3295839635937,81.81860013843205,0.15214660172746625,0.5790951526810115,47.67570551614384,86.29089661799253,99.3875299659821,232.85795225517177,317.88085427273205,787.7895656718177,1134.9877751342367,1229.5995790953857,4.638876245238294,8.455916922209301,9.78719276716757,21.375762568262818,31.33369364934534,70.74566180274618,100.05159721838625,110.49670926825802,1.4775865247541067,2.7062466952833226,3.1410578753974288,6.662909417639743,10.13629326961922,21.819662539380605,30.546354120314003,34.07962760338345,0.035679950267381126,0.06457911564235047,0.07438048557421569,0.17426821618854446,0.237898379239781,0.5895726601217105,0.8494118111616061,0.9202181982615919,108.3565916620704,92.3371648291494,79.9407670149019,68.76402523887862,221.03162514621908,199.24125554417586,78.20283938146503,60.642705653742745,891.91316647125,820.4376955882805,561.9609868148949,235.19516510222175,866.2804444718737,794.8049735889043,536.3282648155185,209.56244310284546,529.8161203974056,359.887; 1032.26; 3949.76; 4368.50,2.0930366692895412,2.3158986755734802E-4,4.835427015247405E-4,0.06507470097254019,0.16593826951014765,554.0573314286825,0.016606972650590027,55.46433156722325,161.54766437255432,57.77917917238187,163.58160332593866,66.97679214520868,4.1402893050775675E-6,0.013891691334682701,443.53371836530187,4.5802080339661025E-6,0.018460520912642633,1.1472990521143869,0.8284184415315953,0.10335315198348886,10.7424643002265,0.6766651087351776,1035.6002451682546,0.03408015666607003,0.041370471515699
116,F09,0,0,6983.0,1522.0,323.84718618508947,167.56491279501208,0,34,R541C,,R541C,10.073243604184393,1.006317036058021,1.0861694094631482,0.03017545835560543,0.0012289324164427853,24.55420489513167,1.407462372670287,0.0011941902116939832,1.0,true,true,6.0,true,4.0,4.0,0.0784112253886955,0.0784112253886955,0.10390420865232458,0.10390420865232458,0.07941558952009166,0.06688360830749376,0.06851680258531997,0.06851680258531997,1086.0905360920692,72.64165400245787,55.24401328078024,55.24401328078024,3.785143151980014,51.49143589563835,60.35756188979489,1093.0524638505879,54.89215017972052,0.8343060182322692,0.1620584148408817,179.41401651105463,271.1284683264146,291.83219481681664,371.0572772047324,418.70658436603617,505.3308751943131,647.4922626182682,903.0653808397298,17.45682456325865,26.397149133093567,28.410283074761043,36.120744846332954,40.76301205712022,49.193570619186424,63.03144427780617,87.90026218180512,5.446123324805549,8.237844263484522,8.865681596599698,11.271460921635917,12.720647059984463,15.351089727851264,19.668973438623542,27.42760024364993,0.16519250518158043,0.24963707841703417,0.26869969410365774,0.34164488583047314,0.38551720179112386,0.4652750930070489,0.5961678525881009,0.831482598208715,167.63288460638947,149.75209159227217,143.66472513528927,139.51709585183477,75.55240891587322,57.671615901755914,51.584249444773036,47.43662016131853,479.85937801187873,392.97780687720086,329.24279828143125,279.18948851420134,392.5258371913404,305.64426605666245,241.90925746089286,191.85594769366298,211.17757382908906,119.881; 1234.94; 2229.02; 3299.00; 4464.24,1.078499082616231,0.9989804127928572,1.0773916381815527,0.0401114279136205,30.685963298773686,408.5127178938771,3.0755831717095834,40.96198001026481,158.66847398675935,135.7794553679814,235.27782183675095,137.63763763763768,0.001857838224729751,0.023818524190921894,145.14514514514516,3.178453259160265E-4,0.00402692108018733,4.324296755888224,0.732418070874344,0.45035208751895206,1.2247384395420324,0.9450974742728127,355.6600678014516,0.991415280681248,0.9590425669132934,33.06069679476025,3.3027636097965485,4.6182299708788,8.599101991960183E-5,2.376855298874404E-4,0.36178483376890547,0.13410849312096054,0.5709695699169404,0.0,false,true,2.0,true,1.0,1.0,2.889048990948806E-4,2.889048990948806E-4,,,,,,,754.6827056776217,,79.50361065466133,79.50361065466133,,79.50361065466133,79.50361065466133,273.61077285926143,219.2896111983957,0.10836620298516259,0.6234762745500325,42.93838024349088,132.3462193543428,145.26696538246279,311.44377224014374,323.3207166636307,343.91223130189724,1274.1505861818653,1591.3368575282582,4.716185278749937,14.536395827641416,15.955560497168598,34.207776946126806,35.51229449264212,37.77398665833293,139.94776243038305,174.78627322335151,1.5630161257754238,4.817584498139226,5.287917433021225,11.336981868510671,11.769318988671667,12.51887845624451,46.38083461870602,57.92685135659043,0.05689593775033835,0.1753667049194012,0.1924874709458581,0.4126817401499901,0.4284194062368561,0.4557044022800311,1.6883262019868586,2.108617099022315,,,,,1147.5755733872518,238.8616963385698,221.2782195274517,210.25838721706805,,,,,83.6366325511226,73.48310398392914,71.80352659350001,70.12394920307179,9.03137918889388,1921.63; 2676.31,1.739433327727179,3.90711222042016E-4,6.796161211368966E-4,0.09934181430844372,0.14165380441372885,364.612896671484,0.014264822782075,36.717251446962585,303.6191105644473,,,593.6154375933629,3.977578400458932E-6,0.01103838411550793,97.07525309732773,1.6193497375668614E-5,0.0325117604736072,,0.6344115874697804,0.1140108296129828,7.771096600161277,0.5244393573038384,1128.8836207994025,-5.452810543070466E-4,-0.00884228638958243
118,F09,0,0,5471.0,1467.0,292.4038303442689,144.85855169785455,0,36,R541C,,R541C,8.804008178514223,0.879520417033571,1.1121326406772487,0.04114290729309812,0.002231097256008617,18.440660613200635,1.2887110186043025,0.00213159192800357,1.0,true,true,6.0,true,4.0,4.0,0.10275080578648921,0.10275080578648921,0.09770665846617457,0.09770665846617457,0.07961907855215776,0.06541798336566527,0.06705896921215615,0.06705896921215615,1088.125230018802,71.1829581971307,55.14071206580077,55.14071206580077,3.6976793127569008,51.595915729290724,60.11031227062384,1094.8621521158004,54.80141941526715,0.8450937336101358,0.1674615729961243,223.7887299546224,320.62623773587563,343.633767621477,447.20893856999805,492.00383942571347,578.181851009294,713.0208260216928,859.6283036589874,21.756949474635725,31.191476159343182,33.43014539639144,43.499641792254565,47.86669665021892,56.2265637548174,69.35780488673183,83.60861405799464,6.7848162498177285,9.730088341675211,10.428493247097869,13.568621541229838,14.932365942151085,17.53645972873916,21.63480463150726,26.07849373459189,0.20566449869998463,0.2946593175955817,0.31580351060836925,0.41099032191567747,0.4521573674173624,0.53135598280292,0.6552746010763598,0.7900086129278829,167.17725597408628,146.77851356219276,139.30051499533621,134.30714846155522,79.38882416101657,58.99008174912305,51.5120831822665,46.51871664848551,545.8435700476065,466.3859622356534,410.66587348909127,357.6966909641583,409.8432719060538,330.3856640941007,274.6655753475386,221.69639282260556,234.53034464123385,107.399; 1229.62; 2227.79; 3297.02; 4459.90,1.1027508057864892,1.0,1.1027508057864892,0.03893151885940975,46.80706502971432,465.2100899120684,4.6914174001523765,46.647304806046606,156.4160416464452,130.23692341657522,316.97201515342283,130.1301301301302,0.002427316067008644,0.02382174566620878,275.2752752752753,3.754074989689092E-4,0.0036389203311141026,3.5336888188154547,0.7733763483380766,0.48196440890608694,1.0780849926407736,0.9216638196710384,369.3870584002158,0.9850039388205701,0.9227599282273266,23.944775359703247,2.392083058434354,4.858979116232963,2.152016430093439E-4,3.5540138901421253E-4,0.6055171692104387,0.20561495422110285,0.5722198808642053,0.0,false,true,8.0,true,6.0,6.0,0.0010107674046535783,0.0010107674046535783,0.3366213596559497,0.3366213596559497,0.7887569993263637,0.854340975690098,2.6696973586905837,2.6696973586905837,750.6608352205241,641.3203103746464,79.92957296403189,79.92957296403189,213.38776982334224,32.726423071052906,492.0922307669244,238.7270306115984,251.33308049065533,0.0923522865675658,0.6882227806068496,7.582113977472962,19.246938283327097,24.918403004372248,53.29530332974452,90.27324884719887,118.9190268706452,240.31393692922111,392.4517744655918,0.8518791384447968,2.157636782125588,2.7689659994731985,6.612814758125424,10.363706288310693,13.704546293796206,26.99746239145109,44.009961238779205,0.29459106081196734,0.7449592323967197,0.9504141260829404,2.4103520430103345,3.615747644969605,4.802387501656622,9.32032845621359,15.10631225095544,0.010100585539733854,0.025639992630856867,0.033195288518085384,0.07099784726891711,0.1202583705072065,0.1584191172511484,0.32013650593429893,0.5228083790335218,77.72146815517777,61.95983991622083,49.596395620617784,40.105149171793805,72.43279601111796,56.67116777216102,44.307723476557975,34.81647702773399,162.59246877404334,66.42340440716082,60.91423866002606,50.168099675405074,160.29902694063017,64.12996257374766,58.62079682661291,47.874657841991926,55.75662038187647,140.140; 1973.52; 2167.94; 2289.87; 2745.39; 3612.91; 4644.11,3.1747172716682353,4.5844634929219087E-4,0.0014692137539457693,0.1750594841381871,0.16820654803664348,221.5506421367639,0.01692195751658605,22.281226889599807,80.6078133343138,30.99004318526703,22.30526014447749,25.025025025025048,2.7167395492542513E-5,0.024516717967204022,153.4868201534868,4.744621500365908E-5,0.043185813183225286,1.299269743256659,0.8480216523129713,0.14563277301231772,7.381259208501078,0.8350808547595564,215.39553392484888,0.1721870525617897,0.058097989207527304
